Texto,Categoria_Real,Categoria_Predicha
theoretical predictions properties supercurrent tunnel barrier particular phenomena generally known josephson effects,physics,physics
profoundly characteristic narrative art motifs life jewish people,literature,literature
elucidation enzymatic mechanism underlying synthesis adenosine triphosphate atp,chemistry,chemistry
discoveries concerning chemical structure antibodies,medicine,medicine
discovery connection collective motion particle motion atomic nuclei development theory structure atomic nucleus based connection,physics,physics
development method genome editing,chemistry,physics
discovery cosmic microwave background radiation,physics,physics
poetry background greek tradition depicts sensuous strength intellectual clear sightedness modern man s struggle freedom creativeness,literature,literature
strict artistry carried classical russian traditions prose writing,literature,literature
discovery catalytic properties rna,chemistry,medicine
investigations physics upper atmosphere especially discovery called appleton layer,physics,physics
invention polymerase chain reaction pcr method,chemistry,chemistry
research nature chemical bond application elucidation structure complex substances,chemistry,chemistry
work dioptrics eye,medicine,medicine
discovery laws governing impact electron atom,physics,physics
discoveries concerning nitric oxide signalling molecule cardiovascular,medicine,medicine
discoveries concerning nuclear shell structure,physics,medicine
narrative imagination encyclopedic passion represents crossing boundaries form life,literature,literature
methods analyzing economic time series time varying volatility arch,economics,economics
neutrino beam method demonstration doublet structure leptons discovery muon neutrino,physics,physics
crucial role bringing locarno treaty,peace,peace
discoveries concerning genetically determined structures cell surface regulate immunological reactions,medicine,medicine
discovery accelerating expansion universe observations distant supernovae,physics,physics
discovery enzyme importance intermediary metabolism,medicine,medicine
invention apparatus produce extremely high pressures discoveries therewith field high pressure physics,physics,physics
development computer assisted tomography,medicine,medicine
poetry action elemental force brings alive continent s destiny dreams,literature,literature
research banks financial crises,economics,economics
discoveries concerning regulation cholesterol metabolism,medicine,medicine
directed evolution enzymes,chemistry,chemistry
discoveries concerning primary physiological chemical visual processes eye,medicine,medicine
discovery hepatitis c virus,medicine,medicine
discovery mature cells reprogrammed pluripotent,medicine,medicine
discovery therapeutic value leucotomy certain psychoses,medicine,medicine
happy manner continued illustrious traditions spanish drama,literature,literature
studies extremely fast chemical reactions effected disturbing equilibrium means short pulses energy,chemistry,chemistry
discoveries concerning new mechanisms origin dissemination infectious diseases,medicine,medicine
efforts peaceful solution conflict northern ireland,peace,peace
discovery giant magnetoresistance,physics,physics
creation quantum mechanics application inter alia led discovery allotropic forms hydrogen,physics,physics
discoveries concerning heart catheterization pathological changes circulatory,medicine,medicine
promoting fundamental rights refugees,peace,peace
courageous efforts founding movement end violent conflict northern ireland,peace,peace
analysis financial markets relations expenditure decisions employment production prices,economics,economics
discovery origin broken symmetry predicts existence families quarks nature,physics,physics
discoveries relating hormones adrenal cortex structure biological effects,medicine,medicine
achievement bose einstein condensation dilute gases alkali atoms early fundamental studies properties condensates,physics,physics
discoveries concerning genetically determined structures cell surface regulate immunological reactions,medicine,medicine
important break discovery superconductivity ceramic materials,physics,physics
prominent position international movement peace arbitration,peace,peace
theoretical discoveries topological phase transitions topological phases matter,physics,physics
efforts care wounded soldiers prisoners war families,peace,peace
invention development holographic method,physics,physics
profoundly sensitive fresh beautiful verse consummate skill poetic thought expressed english words literature west,literature,literature
decisive contributions elementary particle physics particular discovery large number resonance states possible development technique using hydrogen bubble chamber data analysis,physics,physics
work rich ideas filled spirit freedom quest truth exerted far reaching influence age,literature,literature
discovery mechanisms biological synthesis ribonucleic acid deoxyribonucleic acid,medicine,medicine
novels perspicuity realistic narrative art diversity universality myth illuminate human condition world today,literature,literature
integrating climate change long run macroeconomic analysis,economics,economics
having developed applied dynamic models analysis economic processes,economics,economics
discoveries concerning nuclear shell structure,physics,medicine
discoveries important principles drug treatment,medicine,medicine
theory stable allocations practice market design,economics,economics
recognition extraordinary services rendered joint researches radiation phenomena discovered professor henri becquerel,physics,physics
eminently practical administration inter parliamentary union,peace,physics
discovery antiproton,physics,physics
studies transition states chemical reactions using femtosecond spectroscopy,chemistry,chemistry
monumental work growth soil,literature,medicine
discoveries cells constitute positioning brain,medicine,medicine
varied rich poetry inspired lofty ideals,literature,literature
research electrophoresis adsorption analysis especially discoveries concerning complex nature serum proteins,chemistry,chemistry
work stereochemistry enzyme catalyzed reactions,chemistry,chemistry
development click chemistry bioorthogonal chemistry,chemistry,chemistry
improvements auction theory inventions new auction formats,economics,economics
discovery ion transporting enzyme na k atpase,chemistry,medicine
discovery superfluidity helium,physics,physics
discovery played hormone anterior pituitary lobe metabolism sugar,medicine,medicine
indefatigable work international understanding pivotal role establishing united nations,peace,peace
contributions theory unified weak electromagnetic interaction elementary particles including inter alia prediction weak neutral current,physics,physics
discovery fixed relationship consumption oxygen metabolism lactic acid muscle,medicine,medicine
master contemporary short story,literature,literature
invention partition chromatography,chemistry,chemistry
efforts build disseminate greater knowledge man climate change lay foundations measures needed counteract change,peace,peace
development ion trap technique,physics,physics
fundamental achievements theoretical experimental physical chemistry macromolecules,chemistry,physics
investigations carotenoids flavins vitamins b,chemistry,chemistry
consideration power observation originality imagination virility ideas remarkable talent narration characterize creations world famous author,literature,literature
long time work cause peace politicians peace society leaders orators authors,peace,peace
discoveries research field x ray spectroscopy,physics,physics
work physiology pathology vestibular apparatus,medicine,medicine
crucial contribution deployment united nations emergency force wake suez crisis,peace,peace
vigorous graphic art description ability create wit humour new types characters,literature,literature
pioneering work discovery heavy elementary particle new kind,physics,physics
method making paths electrically charged particles visible condensation vapour,physics,physics
developing cryo electron microscopy high resolution structure determination biomolecules solution,chemistry,chemistry
consideration deep learning critical research tribute creative energy freshness style lyrical force characterize poetic masterpieces,literature,literature
humanitarian efforts help wounded soldiers create international understanding,peace,peace
palladium catalyzed cross couplings organic synthesis,chemistry,chemistry
innumerable guises portrays surprising involvement outsider,literature,medicine
development wilson cloud chamber method discoveries therewith fields nuclear physics cosmic radiation,physics,physics
recognition service rendered precision measurements physics discovery anomalies nickel steel alloys,physics,physics
discoveries concerning interaction tumour viruses genetic material cell,medicine,medicine
decisive contributions large project led discovery field particles w z communicators weak interaction,physics,physics
acting link peace societies various countries helping organize world rallies international peace movement,peace,peace
penetrating investigation called parity laws led important discoveries regarding elementary particles,physics,physics
discovery blackbody form anisotropy cosmic microwave background radiation,physics,physics
theories developed independently concerning course chemical reactions,chemistry,chemistry
discovery restriction enzymes application problems molecular genetics,medicine,medicine
efforts end use sexual violence weapon war armed conflict,peace,peace
development method genome editing,chemistry,physics
discoveries chemistry transuranium elements,chemistry,chemistry
contributions dynamic macroeconomics time consistency economic policy driving forces business cycles,economics,economics
discovery development green fluorescent protein gfp,chemistry,chemistry
discovery bacterium helicobacter pylori role gastritis peptic ulcer disease,medicine,medicine
fundamental work field quantum electronics led construction oscillators amplifiers based maser laser principle,physics,physics
discovery positron,physics,physics
discovery mechanism spontaneous broken symmetry subatomic physics,physics,physics
work cathode rays,physics,physics
discoveries important principles drug treatment,medicine,medicine
contributions behavioural economics,economics,economics
work mechanisms electron transfer reactions especially metal complexes,chemistry,chemistry
discovery exclusion principle called pauli principle,physics,physics
recognition work linkage atoms molecules thrown new light earlier investigations opened new fields research especially inorganic chemistry,chemistry,physics
determinations x ray techniques structures important biochemical substances,chemistry,chemistry
inspired writings growing boldness penetration exemplify classical humanitarian ideals high qualities style,literature,literature
having created new poetic expressions great american song tradition,literature,literature
discovery violations fundamental symmetry principles decay neutral k mesons,physics,physics
work serum therapy especially application diphtheria opened new road domain medical science placed hands physician victorious weapon illness deaths,medicine,medicine
discovery g proteins role proteins signal transduction cells,medicine,medicine
developing effective constructive international organization capable giving life principles aims expressed charter,peace,peace
efforts build disseminate greater knowledge man climate change lay foundations measures needed counteract change,peace,peace
contributions dynamic macroeconomics time consistency economic policy driving forces business cycles,economics,economics
recognition extraordinary services rendered work sugar purine syntheses,chemistry,chemistry
discoveries concerning replication mechanism genetic structure viruses,medicine,medicine
discoveries concerning genetic control enzyme virus synthesis,medicine,medicine
contributions concerning determination base sequences nucleic acids,chemistry,chemistry
efforts achieve peace international cooperation particular decisive initiative resolve border conflict neighbouring eritrea,peace,peace
development metathesis method organic synthesis,chemistry,chemistry
discoveries concerning new mechanisms origin dissemination infectious diseases,medicine,medicine
having developed applied dynamic models analysis economic processes,economics,economics
writing combination broad perspective time sensitive skill characterization contributed renewal german literature,literature,literature
fight nuclear arms race east west,peace,peace
discoveries concerning liver therapy cases anaemia,medicine,medicine
discovery penicillin curative effect various infectious diseases,medicine,medicine
contributions concerning dynamics chemical elementary processes,chemistry,chemistry
work lasting peace central america,peace,peace
deep understanding country s peasantry exquisite art portrayed way life relationship nature,literature,literature
discovery mechanism electrocardiogram,medicine,medicine
scientific work developed static dynamic economic theory actively contributed raising level analysis economic science,economics,economics
interpretation genetic code function protein synthesis,medicine,medicine
contribution understanding biological energy transfer formulation chemiosmotic theory,chemistry,physics
efforts help refugees leave camps return life freedom dignity,peace,peace
source inspiration repressed people especially latin america,peace,literature
discoveries concerning magnetic resonance imaging,medicine,medicine
having extended domain microeconomic analysis wide range human behaviour interaction including nonmarket behaviour,economics,economics
methodological contributions analysis causal relationships,economics,economics
discovery means mass spectrograph isotopes large number non radioactive elements enunciation number rule,chemistry,chemistry
having laid foundations mechanism design theory,economics,economics
discovery restriction enzymes application problems molecular genetics,medicine,medicine
peace prize laureates represent civil society home countries years promoted right criticise power protect fundamental rights citizens outstanding effort document war crimes human right abuses abuse power demonstrate significance civil society peace democracy,peace,peace
discoveries concerning novel therapy infections caused roundworm parasites,medicine,medicine
having enhanced understanding conflict cooperation game theory analysis,economics,economics
pioneering work international peace movement compassionate effort relieve human suffering promoting fraternity nations,peace,peace
discovery genetic principle generation antibody diversity,medicine,medicine
analysis monetary fiscal policy different exchange rate regimes analysis optimum currency areas,economics,economics
development methodology chemical synthesis solid matrix,chemistry,chemistry
lifelong effort conquer hunger want helping remove major cause military conflict war,peace,peace
ground breaking experimental methods enable measuring manipulation individual quantum systems,physics,physics
discovery insulin,medicine,medicine
invention method micro analysis organic substances,chemistry,chemistry
studies structure function ribosome,chemistry,chemistry
discovery citric acid cycle,medicine,medicine
pioneering theories condensed matter especially liquid helium,physics,physics
invention automatic regulators use conjunction gas accumulators illuminating lighthouses buoys,physics,chemistry
development click chemistry bioorthogonal chemistry,chemistry,chemistry
contributions theory atomic nucleus elementary particles particularly discovery application fundamental symmetry principles,physics,physics
efforts prevent nuclear energy used military purposes ensure nuclear energy peaceful purposes used safest possible way,peace,peace
discovery ubiquitin mediated protein degradation,chemistry,chemistry
lyrical poetry spanish language constitutes example high spirit artistical purity,literature,literature
work draw attention catastrophic humanitarian consequences use nuclear weapons ground breaking efforts achieve treaty based prohibition weapons,peace,peace
effort expose fight considers main cause war anarchy international relations,peace,peace
discovery interplay disorder fluctuations physical systems atomic planetary scales,physics,physics
discovery development diene synthesis,chemistry,chemistry
courageous efforts founding movement end violent conflict northern ireland,peace,peace
discovery tumour inducing viruses,medicine,medicine
physical modelling earth s climate quantifying variability reliably predicting global warming,physics,physics
discoveries concerning reversible protein phosphorylation biological regulatory mechanism,medicine,medicine
rich intensive prose restrained compassion forms challenging vision man s vulnerability,literature,literature
discoveries concerning genetic control enzyme virus synthesis,medicine,medicine
discovery new type pulsar discovery opened new possibilities study gravitation,physics,physics
mastery historical biographical description brilliant oratory defending exalted human values,literature,literature
development click chemistry bioorthogonal chemistry,chemistry,chemistry
development radioimmunoassays peptide hormones,medicine,medicine
empirical research cause effect macroeconomy,economics,economics
discovery new type pulsar discovery opened new possibilities study gravitation,physics,physics
theories concerning specificity development control immune discovery principle production monoclonal antibodies,medicine,medicine
recognition brilliant literary achievements characterized nobility style profound human sympathy grace true gallic temperament,literature,literature
contributions concerning dynamics chemical elementary processes,chemistry,chemistry
work biochemically important sulphur compounds especially synthesis polypeptide hormone,chemistry,chemistry
